{"stats":{"minecraft:used":{"minecraft:stone_bricks":2,"caveopolis:stone_torch":3,"opolisutilities:sapling_grower":3,"caveopolis:stone_crafting_table":2,"opolisutilities:catalogue":2,"stoneopolis:fertile_stone":12,"minecraft:stone":26,"caveopolis:gray_colored_sapling":1},"minecraft:mined":{"caveopolis:stone_wall_torch":8,"caveopolis:gray_colored_sapling":1,"opolisutilities:catalogue":1,"minecraft:stone":589},"minecraft:crafted":{"stoneopolis:fertile_stone":18,"caveopolis:stone_stick":35,"opolisutilities:catalogue_book":1,"caveopolis:stone_crafting_table":2,"minecraft:stone":218,"minecraft:stone_bricks":16,"opolisutilities:catalogue":1,"caveopolis:gray_colored_sapling":18},"minecraft:custom":{"minecraft:time_since_rest":43701,"minecraft:sprint_one_cm":5566,"minecraft:crouch_one_cm":475,"minecraft:play_time":43701,"minecraft:walk_one_cm":44378,"minecraft:sneak_time":462,"minecraft:walk_under_water_one_cm":317,"minecraft:jump":37,"minecraft:leave_game":1,"minecraft:walk_on_water_one_cm":2226,"minecraft:time_since_death":43701,"minecraft:total_world_time":43701,"minecraft:swim_one_cm":10928,"minecraft:fly_one_cm":736,"minecraft:interact_with_crafting_table":16,"minecraft:fall_one_cm":211},"minecraft:picked_up":{"caveopolis:gray_colored_sapling":1,"strainers:stone_pebble":1145,"opolisutilities:catalogue":1,"caveopolis:stone_torch":8}},"DataVersion":3465}