{
  "minecraft:recipes/decorations/crafting_table": {
    "criteria": {
      "unlock_right_away": "2024-06-01 20:16:17 +0000"
    },
    "done": true
  },
  "minecraft:adventure/adventuring_time": {
    "criteria": {
      "minecraft:ocean": "2024-06-01 20:16:19 +0000"
    },
    "done": false
  },
  "farmersdelight:main/root": {
    "criteria": {
      "seeds": "2024-06-01 20:17:30 +0000"
    },
    "done": true
  },
  "minecraft:recipes/building_blocks/stone_bricks": {
    "criteria": {
      "has_stone": "2024-06-01 20:20:50 +0000"
    },
    "done": true
  },
  "minecraft:recipes/building_blocks/stone_bricks_from_stone_stonecutting": {
    "criteria": {
      "has_stone": "2024-06-01 20:20:50 +0000"
    },
    "done": true
  },
  "minecraft:recipes/building_blocks/stone_slab": {
    "criteria": {
      "has_stone": "2024-06-01 20:20:50 +0000"
    },
    "done": true
  },
  "minecraft:recipes/building_blocks/stone_stairs_from_stone_stonecutting": {
    "criteria": {
      "has_stone": "2024-06-01 20:20:50 +0000"
    },
    "done": true
  },
  "minecraft:recipes/redstone/stone_button": {
    "criteria": {
      "has_stone": "2024-06-01 20:20:50 +0000"
    },
    "done": true
  },
  "minecraft:recipes/redstone/stone_pressure_plate": {
    "criteria": {
      "has_stone": "2024-06-01 20:20:50 +0000"
    },
    "done": true
  },
  "caveopolis:recipes/misc/stone_stick": {
    "criteria": {
      "has_stone": "2024-06-01 20:20:50 +0000"
    },
    "done": true
  },
  "minecraft:recipes/building_blocks/stone_stairs": {
    "criteria": {
      "has_stone": "2024-06-01 20:20:50 +0000"
    },
    "done": true
  },
  "minecraft:recipes/decorations/stonecutter": {
    "criteria": {
      "has_stone": "2024-06-01 20:20:50 +0000"
    },
    "done": true
  },
  "minecraft:recipes/building_blocks/smooth_stone": {
    "criteria": {
      "has_stone": "2024-06-01 20:20:50 +0000"
    },
    "done": true
  },
  "minecraft:recipes/decorations/stone_brick_walls_from_stone_stonecutting": {
    "criteria": {
      "has_stone": "2024-06-01 20:20:50 +0000"
    },
    "done": true
  },
  "minecraft:recipes/building_blocks/stone_brick_slab_from_stone_stonecutting": {
    "criteria": {
      "has_stone": "2024-06-01 20:20:50 +0000"
    },
    "done": true
  },
  "minecraft:recipes/building_blocks/stone_brick_stairs_from_stone_stonecutting": {
    "criteria": {
      "has_stone": "2024-06-01 20:20:50 +0000"
    },
    "done": true
  },
  "minecraft:recipes/building_blocks/stone_slab_from_stone_stonecutting": {
    "criteria": {
      "has_stone": "2024-06-01 20:20:50 +0000"
    },
    "done": true
  },
  "minecraft:recipes/building_blocks/chiseled_stone_bricks_stone_from_stonecutting": {
    "criteria": {
      "has_stone": "2024-06-01 20:20:50 +0000"
    },
    "done": true
  },
  "strainers:recipes/misc/eroding_salt_mulch": {
    "criteria": {
      "has_stone": "2024-06-01 20:20:50 +0000"
    },
    "done": true
  },
  "caveopolis:recipes/misc/white_colored_stone_crafting_table": {
    "criteria": {
      "has_colored_stone_bricks": "2024-06-01 20:21:01 +0000"
    },
    "done": true
  },
  "caveopolis:recipes/misc/black_colored_stone_crafting_table": {
    "criteria": {
      "has_colored_stone_bricks": "2024-06-01 20:21:01 +0000"
    },
    "done": true
  },
  "hutoslib:recipes/misc/display_pedestal": {
    "criteria": {
      "has_stone_bricks": "2024-06-01 20:21:01 +0000"
    },
    "done": true
  },
  "minecraft:recipes/building_blocks/stone_brick_stairs": {
    "criteria": {
      "has_stone_bricks": "2024-06-01 20:21:01 +0000"
    },
    "done": true
  },
  "caveopolis:recipes/misc/red_colored_stone_crafting_table": {
    "criteria": {
      "has_colored_stone_bricks": "2024-06-01 20:21:01 +0000"
    },
    "done": true
  },
  "caveopolis:recipes/misc/cyan_colored_stone_crafting_table": {
    "criteria": {
      "has_colored_stone_bricks": "2024-06-01 20:21:01 +0000"
    },
    "done": true
  },
  "caveopolis:recipes/misc/brown_colored_stone_crafting_table": {
    "criteria": {
      "has_colored_stone_bricks": "2024-06-01 20:21:01 +0000"
    },
    "done": true
  },
  "minecraft:recipes/building_blocks/stone_brick_slab": {
    "criteria": {
      "has_stone_bricks": "2024-06-01 20:21:01 +0000"
    },
    "done": true
  },
  "minecraft:recipes/building_blocks/chiseled_stone_bricks_from_stone_bricks_stonecutting": {
    "criteria": {
      "has_stone_bricks": "2024-06-01 20:21:01 +0000"
    },
    "done": true
  },
  "caveopolis:recipes/misc/light_blue_colored_stone_crafting_table": {
    "criteria": {
      "has_colored_stone_bricks": "2024-06-01 20:21:01 +0000"
    },
    "done": true
  },
  "caveopolis:recipes/misc/pink_colored_stone_crafting_table": {
    "criteria": {
      "has_colored_stone_bricks": "2024-06-01 20:21:01 +0000"
    },
    "done": true
  },
  "caveopolis:recipes/misc/light_gray_colored_stone_crafting_table": {
    "criteria": {
      "has_colored_stone_bricks": "2024-06-01 20:21:01 +0000"
    },
    "done": true
  },
  "caveopolis:recipes/misc/green_colored_stone_crafting_table": {
    "criteria": {
      "has_colored_stone_bricks": "2024-06-01 20:21:01 +0000"
    },
    "done": true
  },
  "minecraft:recipes/decorations/stone_brick_wall": {
    "criteria": {
      "has_stone_bricks": "2024-06-01 20:21:01 +0000"
    },
    "done": true
  },
  "caveopolis:recipes/misc/gray_colored_stone_crafting_table": {
    "criteria": {
      "has_colored_stone_bricks": "2024-06-01 20:21:01 +0000"
    },
    "done": true
  },
  "minecraft:recipes/building_blocks/cracked_stone_bricks": {
    "criteria": {
      "has_stone_bricks": "2024-06-01 20:21:01 +0000"
    },
    "done": true
  },
  "minecraft:recipes/building_blocks/stone_brick_stairs_from_stone_bricks_stonecutting": {
    "criteria": {
      "has_stone_bricks": "2024-06-01 20:21:01 +0000"
    },
    "done": true
  },
  "minecraft:recipes/building_blocks/chiseled_stone_bricks": {
    "criteria": {
      "has_tag": "2024-06-01 20:21:01 +0000"
    },
    "done": true
  },
  "caveopolis:recipes/misc/magenta_colored_stone_crafting_table": {
    "criteria": {
      "has_colored_stone_bricks": "2024-06-01 20:21:01 +0000"
    },
    "done": true
  },
  "minecraft:recipes/decorations/stone_brick_wall_from_stone_bricks_stonecutting": {
    "criteria": {
      "has_stone_bricks": "2024-06-01 20:21:01 +0000"
    },
    "done": true
  },
  "caveopolis:recipes/misc/yellow_colored_stone_crafting_table": {
    "criteria": {
      "has_colored_stone_bricks": "2024-06-01 20:21:01 +0000"
    },
    "done": true
  },
  "caveopolis:recipes/misc/orange_colored_stone_crafting_table": {
    "criteria": {
      "has_colored_stone_bricks": "2024-06-01 20:21:01 +0000"
    },
    "done": true
  },
  "caveopolis:recipes/misc/purple_colored_stone_crafting_table": {
    "criteria": {
      "has_colored_stone_bricks": "2024-06-01 20:21:01 +0000"
    },
    "done": true
  },
  "minecraft:recipes/building_blocks/stone_brick_slab_from_stone_bricks_stonecutting": {
    "criteria": {
      "has_stone_bricks": "2024-06-01 20:21:01 +0000"
    },
    "done": true
  },
  "caveopolis:recipes/misc/stone_crafting_table": {
    "criteria": {
      "has_colored_stone_bricks": "2024-06-01 20:21:01 +0000"
    },
    "done": true
  },
  "caveopolis:recipes/misc/blue_colored_stone_crafting_table": {
    "criteria": {
      "has_colored_stone_bricks": "2024-06-01 20:21:01 +0000"
    },
    "done": true
  },
  "caveopolis:recipes/misc/lime_colored_stone_crafting_table": {
    "criteria": {
      "has_colored_stone_bricks": "2024-06-01 20:21:01 +0000"
    },
    "done": true
  },
  "caveopolis:recipes/misc/stone_torch": {
    "criteria": {
      "has_stone_rod": "2024-06-01 20:23:41 +0000"
    },
    "done": true
  },
  "minecraft:recipes/decorations/chest": {
    "criteria": {
      "has_lots_of_items": "2024-06-01 20:33:11 +0000"
    },
    "done": true
  },
  "minecraft:recipes/transportation/cherry_boat": {
    "criteria": {
      "in_water": "2024-06-01 20:42:10 +0000"
    },
    "done": true
  },
  "minecraft:recipes/transportation/bamboo_raft": {
    "criteria": {
      "in_water": "2024-06-01 20:42:10 +0000"
    },
    "done": true
  },
  "minecraft:recipes/transportation/acacia_boat": {
    "criteria": {
      "in_water": "2024-06-01 20:42:10 +0000"
    },
    "done": true
  },
  "minecraft:recipes/transportation/jungle_boat": {
    "criteria": {
      "in_water": "2024-06-01 20:42:10 +0000"
    },
    "done": true
  },
  "minecraft:recipes/transportation/spruce_boat": {
    "criteria": {
      "in_water": "2024-06-01 20:42:10 +0000"
    },
    "done": true
  },
  "minecraft:recipes/transportation/birch_boat": {
    "criteria": {
      "in_water": "2024-06-01 20:42:10 +0000"
    },
    "done": true
  },
  "minecraft:recipes/transportation/oak_boat": {
    "criteria": {
      "in_water": "2024-06-01 20:42:10 +0000"
    },
    "done": true
  },
  "minecraft:recipes/transportation/mangrove_boat": {
    "criteria": {
      "in_water": "2024-06-01 20:42:10 +0000"
    },
    "done": true
  },
  "minecraft:recipes/transportation/dark_oak_boat": {
    "criteria": {
      "in_water": "2024-06-01 20:42:10 +0000"
    },
    "done": true
  },
  "DataVersion": 3465
}